{"cameraMode":{"drawMode":0,"name":"Shaded","section":"Shading Mode"},"sceneLighting":false,"audioPlay":false,"sceneViewState":{"showFog":true,"showMaterialUpdate":false,"showSkybox":false,"showFlares":true,"showImageEffects":true,"showParticleSystems":true},"in2DMode":false,"pivot":{"x":32.72652053833008,"y":27.556697845458986,"z":-20.805471420288087},"rotation":{"x":-0.4052099883556366,"y":0.10739637911319733,"z":-0.04801070690155029,"w":-0.9066287875175476},"size":3.535533905029297,"orthographic":false}